date,tz,sunrise,sunset,civil_dusk,door_open,door_close,clamped
2026-08-06,BST,05:31,20:41,21:20,05:35,21:25,
2026-08-07,BST,05:33,20:39,21:18,05:35,21:25,
2026-08-08,BST,05:34,20:37,21:16,05:40,21:25,
2026-08-09,BST,05:36,20:36,21:14,05:40,21:20,
2026-08-10,BST,05:37,20:34,21:12,05:40,21:20,
2026-08-11,BST,05:39,20:32,21:10,05:40,21:20,
2026-08-12,BST,05:40,20:30,21:08,05:45,21:15,
2026-08-13,BST,05:42,20:28,21:06,05:45,21:15,
2026-08-14,BST,05:43,20:26,21:04,05:45,21:15,
2026-08-15,BST,05:45,20:24,21:02,05:50,21:10,
2026-08-16,BST,05:47,20:22,21:00,05:50,21:10,
2026-08-17,BST,05:48,20:20,20:57,05:50,21:05,
2026-08-18,BST,05:50,20:18,20:55,05:55,21:05,
2026-08-19,BST,05:51,20:16,20:53,05:55,21:05,
2026-08-20,BST,05:53,20:14,20:51,05:55,21:00,
2026-08-21,BST,05:55,20:12,20:49,06:00,21:00,
2026-08-22,BST,05:56,20:10,20:46,06:00,20:55,
2026-08-23,BST,05:58,20:08,20:44,06:00,20:55,
2026-08-24,BST,05:59,20:06,20:42,06:05,20:50,
2026-08-25,BST,06:01,20:04,20:39,06:05,20:50,
2026-08-26,BST,06:03,20:01,20:37,06:05,20:50,
2026-08-27,BST,06:04,19:59,20:35,06:10,20:45,
2026-08-28,BST,06:06,19:57,20:33,06:10,20:45,
2026-08-29,BST,06:07,19:55,20:30,06:10,20:40,
2026-08-30,BST,06:09,19:53,20:28,06:10,20:40,
2026-08-31,BST,06:11,19:50,20:26,06:15,20:35,
2026-09-01,BST,06:12,19:48,20:23,06:15,20:35,
2026-09-02,BST,06:14,19:46,20:21,06:15,20:30,
2026-09-03,BST,06:15,19:44,20:18,06:20,20:30,
2026-09-04,BST,06:17,19:42,20:16,06:20,20:30,
2026-09-05,BST,06:19,19:39,20:14,06:20,20:25,
2026-09-06,BST,06:20,19:37,20:11,06:25,20:25,
2026-09-07,BST,06:22,19:35,20:09,06:25,20:20,
2026-09-08,BST,06:23,19:32,20:07,06:25,20:20,
2026-09-09,BST,06:25,19:30,20:04,06:30,20:15,
2026-09-10,BST,06:26,19:28,20:02,06:30,20:15,
2026-09-11,BST,06:28,19:26,20:00,06:30,20:10,
2026-09-12,BST,06:30,19:23,19:57,06:35,20:10,
2026-09-13,BST,06:31,19:21,19:55,06:35,20:10,
2026-09-14,BST,06:33,19:19,19:52,06:35,20:05,
2026-09-15,BST,06:34,19:16,19:50,06:40,20:05,
2026-09-16,BST,06:36,19:14,19:48,06:40,20:00,
2026-09-17,BST,06:38,19:12,19:45,06:40,20:00,
2026-09-18,BST,06:39,19:09,19:43,06:45,19:55,
2026-09-19,BST,06:41,19:07,19:41,06:45,19:55,
2026-09-20,BST,06:42,19:05,19:38,06:45,19:50,
2026-09-21,BST,06:44,19:03,19:36,06:45,19:50,
2026-09-22,BST,06:46,19:00,19:34,06:50,19:45,
2026-09-23,BST,06:47,18:58,19:31,06:50,19:45,
2026-09-24,BST,06:49,18:56,19:29,06:50,19:40,
2026-09-25,BST,06:50,18:53,19:27,06:55,19:40,
2026-09-26,BST,06:52,18:51,19:24,06:55,19:40,
2026-09-27,BST,06:54,18:49,19:22,06:55,19:35,
2026-09-28,BST,06:55,18:46,19:20,07:00,19:35,
2026-09-29,BST,06:57,18:44,19:17,07:00,19:30,
2026-09-30,BST,06:59,18:42,19:15,07:00,19:30,
2026-10-01,BST,07:00,18:40,19:13,07:05,19:25,
2026-10-02,BST,07:02,18:37,19:10,07:05,19:25,
2026-10-03,BST,07:03,18:35,19:08,07:05,19:20,
2026-10-04,BST,07:05,18:33,19:06,07:10,19:20,
2026-10-05,BST,07:07,18:30,19:04,07:10,19:15,
2026-10-06,BST,07:08,18:28,19:02,07:10,19:15,
2026-10-07,BST,07:10,18:26,18:59,07:15,19:10,
2026-10-08,BST,07:12,18:24,18:57,07:15,19:10,
2026-10-09,BST,07:13,18:21,18:55,07:15,19:10,
2026-10-10,BST,07:15,18:19,18:53,07:20,19:05,
2026-10-11,BST,07:17,18:17,18:51,07:20,19:05,
2026-10-12,BST,07:18,18:15,18:48,07:20,19:00,
2026-10-13,BST,07:20,18:13,18:46,07:25,19:00,
2026-10-14,BST,07:22,18:11,18:44,07:25,18:55,
2026-10-15,BST,07:23,18:08,18:42,07:25,18:55,
2026-10-16,BST,07:25,18:06,18:40,07:30,18:55,
2026-10-17,BST,07:27,18:04,18:38,07:30,18:50,
2026-10-18,BST,07:29,18:02,18:36,07:30,18:50,
2026-10-19,BST,07:30,18:00,18:34,07:35,18:45,
2026-10-20,BST,07:32,17:58,18:32,07:35,18:45,
2026-10-21,BST,07:34,17:56,18:30,07:35,18:40,
2026-10-22,BST,07:35,17:54,18:28,07:40,18:40,
2026-10-23,BST,07:37,17:52,18:26,07:40,18:40,
2026-10-24,BST,07:39,17:50,18:24,07:40,18:35,
2026-10-25,GMT,06:41,16:48,17:22,06:45,17:35,
2026-10-26,GMT,06:42,16:46,17:20,06:45,17:30,
2026-10-27,GMT,06:44,16:44,17:18,06:50,17:30,
2026-10-28,GMT,06:46,16:42,17:16,06:50,17:30,
2026-10-29,GMT,06:48,16:40,17:15,06:50,17:25,
2026-10-30,GMT,06:49,16:38,17:13,06:55,17:25,
2026-10-31,GMT,06:51,16:36,17:11,06:55,17:25,
2026-11-01,GMT,06:53,16:34,17:09,06:55,17:20,
2026-11-02,GMT,06:55,16:32,17:08,07:00,17:20,
2026-11-03,GMT,06:56,16:31,17:06,07:00,17:15,
2026-11-04,GMT,06:58,16:29,17:04,07:00,17:15,
2026-11-05,GMT,07:00,16:27,17:03,07:05,17:15,
2026-11-06,GMT,07:02,16:25,17:01,07:05,17:10,
2026-11-07,GMT,07:03,16:24,17:00,07:05,17:10,
2026-11-08,GMT,07:05,16:22,16:58,07:10,17:10,
2026-11-09,GMT,07:07,16:21,16:57,07:10,17:05,
2026-11-10,GMT,07:09,16:19,16:55,07:10,17:05,
2026-11-11,GMT,07:10,16:17,16:54,07:15,17:05,
2026-11-12,GMT,07:12,16:16,16:52,07:15,17:00,
2026-11-13,GMT,07:14,16:14,16:51,07:15,17:00,
2026-11-14,GMT,07:16,16:13,16:50,07:20,17:00,
2026-11-15,GMT,07:17,16:12,16:48,07:20,17:00,
2026-11-16,GMT,07:19,16:10,16:47,07:25,16:55,
2026-11-17,GMT,07:21,16:09,16:46,07:25,16:55,
2026-11-18,GMT,07:22,16:08,16:45,07:25,16:55,
2026-11-19,GMT,07:24,16:06,16:44,07:30,16:55,
2026-11-20,GMT,07:26,16:05,16:43,07:30,16:50,
2026-11-21,GMT,07:27,16:04,16:42,07:30,16:50,
2026-11-22,GMT,07:29,16:03,16:41,07:35,16:50,
2026-11-23,GMT,07:31,16:02,16:40,07:35,16:50,
2026-11-24,GMT,07:32,16:01,16:39,07:35,16:45,
2026-11-25,GMT,07:34,16:00,16:38,07:35,16:45,
2026-11-26,GMT,07:35,15:59,16:37,07:40,16:45,
2026-11-27,GMT,07:37,15:58,16:36,07:40,16:45,
2026-11-28,GMT,07:38,15:57,16:36,07:40,16:45,
2026-11-29,GMT,07:40,15:56,16:35,07:45,16:45,
2026-11-30,GMT,07:41,15:56,16:34,07:45,16:40,
2026-12-01,GMT,07:43,15:55,16:34,07:45,16:40,
2026-12-02,GMT,07:44,15:54,16:33,07:50,16:40,
2026-12-03,GMT,07:46,15:54,16:33,07:50,16:40,
2026-12-04,GMT,07:47,15:53,16:32,07:50,16:40,
2026-12-05,GMT,07:48,15:53,16:32,07:50,16:40,
2026-12-06,GMT,07:49,15:52,16:32,07:55,16:40,
2026-12-07,GMT,07:51,15:52,16:31,07:55,16:40,
2026-12-08,GMT,07:52,15:52,16:31,07:55,16:40,
2026-12-09,GMT,07:53,15:51,16:31,07:55,16:40,
2026-12-10,GMT,07:54,15:51,16:31,08:00,16:40,
2026-12-11,GMT,07:55,15:51,16:31,08:00,16:35,
2026-12-12,GMT,07:56,15:51,16:31,08:00,16:35,
2026-12-13,GMT,07:57,15:51,16:31,08:00,16:35,
2026-12-14,GMT,07:58,15:51,16:31,08:00,16:35,
2026-12-15,GMT,07:59,15:51,16:31,08:00,16:35,
2026-12-16,GMT,08:00,15:51,16:31,08:05,16:40,
2026-12-17,GMT,08:00,15:51,16:32,08:05,16:40,
2026-12-18,GMT,08:01,15:52,16:32,08:05,16:40,
2026-12-19,GMT,08:02,15:52,16:32,08:05,16:40,
2026-12-20,GMT,08:02,15:52,16:33,08:05,16:40,
2026-12-21,GMT,08:03,15:53,16:33,08:05,16:40,
2026-12-22,GMT,08:04,15:53,16:33,08:05,16:40,
2026-12-23,GMT,08:04,15:54,16:34,08:10,16:40,
2026-12-24,GMT,08:04,15:54,16:35,08:10,16:40,
2026-12-25,GMT,08:05,15:55,16:35,08:10,16:40,
2026-12-26,GMT,08:05,15:56,16:36,08:10,16:40,
2026-12-27,GMT,08:05,15:56,16:37,08:10,16:45,
2026-12-28,GMT,08:06,15:57,16:37,08:10,16:45,
2026-12-29,GMT,08:06,15:58,16:38,08:10,16:45,
2026-12-30,GMT,08:06,15:59,16:39,08:10,16:45,
2026-12-31,GMT,08:06,16:00,16:40,08:10,16:45,
2027-01-01,GMT,08:06,16:01,16:41,08:10,16:45,
2027-01-02,GMT,08:06,16:02,16:42,08:10,16:50,
2027-01-03,GMT,08:05,16:03,16:43,08:10,16:50,
2027-01-04,GMT,08:05,16:04,16:44,08:10,16:50,
2027-01-05,GMT,08:05,16:05,16:45,08:10,16:50,
2027-01-06,GMT,08:05,16:06,16:46,08:10,16:55,
2027-01-07,GMT,08:04,16:08,16:47,08:10,16:55,
2027-01-08,GMT,08:04,16:09,16:48,08:05,16:55,
2027-01-09,GMT,08:03,16:10,16:50,08:05,16:55,
2027-01-10,GMT,08:03,16:12,16:51,08:05,17:00,
2027-01-11,GMT,08:02,16:13,16:52,08:05,17:00,
2027-01-12,GMT,08:02,16:14,16:53,08:05,17:00,
2027-01-13,GMT,08:01,16:16,16:55,08:05,17:00,
2027-01-14,GMT,08:00,16:17,16:56,08:05,17:05,
2027-01-15,GMT,07:59,16:19,16:57,08:05,17:05,
2027-01-16,GMT,07:59,16:20,16:59,08:00,17:05,
2027-01-17,GMT,07:58,16:22,17:00,08:00,17:10,
2027-01-18,GMT,07:57,16:24,17:02,08:00,17:10,
2027-01-19,GMT,07:56,16:25,17:03,08:00,17:10,
2027-01-20,GMT,07:55,16:27,17:05,08:00,17:15,
2027-01-21,GMT,07:54,16:29,17:06,07:55,17:15,
2027-01-22,GMT,07:53,16:30,17:08,07:55,17:15,
2027-01-23,GMT,07:51,16:32,17:09,07:55,17:20,
2027-01-24,GMT,07:50,16:34,17:11,07:55,17:20,
2027-01-25,GMT,07:49,16:35,17:13,07:50,17:20,
2027-01-26,GMT,07:48,16:37,17:14,07:50,17:25,
2027-01-27,GMT,07:46,16:39,17:16,07:50,17:25,
2027-01-28,GMT,07:45,16:41,17:17,07:50,17:25,
2027-01-29,GMT,07:44,16:42,17:19,07:45,17:30,
2027-01-30,GMT,07:42,16:44,17:21,07:45,17:30,
2027-01-31,GMT,07:41,16:46,17:22,07:45,17:30,
2027-02-01,GMT,07:39,16:48,17:24,07:45,17:35,
2027-02-02,GMT,07:38,16:50,17:26,07:40,17:35,
2027-02-03,GMT,07:36,16:51,17:27,07:40,17:40,
2027-02-04,GMT,07:35,16:53,17:29,07:40,17:40,
2027-02-05,GMT,07:33,16:55,17:31,07:35,17:40,
2027-02-06,GMT,07:31,16:57,17:32,07:35,17:45,
2027-02-07,GMT,07:30,16:59,17:34,07:35,17:45,
2027-02-08,GMT,07:28,17:00,17:36,07:30,17:45,
2027-02-09,GMT,07:26,17:02,17:38,07:30,17:50,
2027-02-10,GMT,07:24,17:04,17:39,07:30,17:50,
2027-02-11,GMT,07:22,17:06,17:41,07:25,17:50,
2027-02-12,GMT,07:21,17:08,17:43,07:25,17:55,
2027-02-13,GMT,07:19,17:10,17:44,07:20,17:55,
2027-02-14,GMT,07:17,17:11,17:46,07:20,18:00,
2027-02-15,GMT,07:15,17:13,17:48,07:20,18:00,
2027-02-16,GMT,07:13,17:15,17:50,07:15,18:00,
2027-02-17,GMT,07:11,17:17,17:51,07:15,18:05,
2027-02-18,GMT,07:09,17:19,17:53,07:15,18:05,
2027-02-19,GMT,07:07,17:21,17:55,07:10,18:05,
2027-02-20,GMT,07:05,17:22,17:57,07:10,18:10,
2027-02-21,GMT,07:03,17:24,17:58,07:05,18:10,
2027-02-22,GMT,07:01,17:26,18:00,07:05,18:10,
2027-02-23,GMT,06:59,17:28,18:02,07:05,18:15,
2027-02-24,GMT,06:57,17:30,18:03,07:00,18:15,
2027-02-25,GMT,06:55,17:31,18:05,07:00,18:20,
2027-02-26,GMT,06:53,17:33,18:07,06:55,18:20,
2027-02-27,GMT,06:51,17:35,18:09,06:55,18:20,
2027-02-28,GMT,06:49,17:37,18:10,06:50,18:25,
2027-03-01,GMT,06:46,17:38,18:12,06:50,18:25,
2027-03-02,GMT,06:44,17:40,18:14,06:50,18:25,
2027-03-03,GMT,06:42,17:42,18:15,06:45,18:30,
2027-03-04,GMT,06:40,17:44,18:17,06:45,18:30,
2027-03-05,GMT,06:38,17:46,18:19,06:40,18:30,
2027-03-06,GMT,06:36,17:47,18:21,06:40,18:35,
2027-03-07,GMT,06:33,17:49,18:22,06:35,18:35,
2027-03-08,GMT,06:31,17:51,18:24,06:35,18:35,
2027-03-09,GMT,06:29,17:52,18:26,06:30,18:40,
2027-03-10,GMT,06:27,17:54,18:27,06:30,18:40,
2027-03-11,GMT,06:24,17:56,18:29,06:30,18:40,
2027-03-12,GMT,06:22,17:58,18:31,06:25,18:45,
2027-03-13,GMT,06:20,17:59,18:33,06:25,18:45,
2027-03-14,GMT,06:18,18:01,18:34,06:20,18:50,
2027-03-15,GMT,06:15,18:03,18:36,06:20,18:50,
2027-03-16,GMT,06:13,18:05,18:38,06:15,18:50,
2027-03-17,GMT,06:11,18:06,18:39,06:15,18:55,
2027-03-18,GMT,06:09,18:08,18:41,06:10,18:55,
2027-03-19,GMT,06:06,18:10,18:43,06:10,18:55,
2027-03-20,GMT,06:04,18:11,18:45,06:05,19:00,
2027-03-21,GMT,06:02,18:13,18:46,06:05,19:00,
2027-03-22,GMT,05:59,18:15,18:48,06:05,19:00,
2027-03-23,GMT,05:57,18:16,18:50,06:00,19:05,
2027-03-24,GMT,05:55,18:18,18:52,06:00,19:05,
2027-03-25,GMT,05:53,18:20,18:53,05:55,19:05,
2027-03-26,GMT,05:50,18:21,18:55,05:55,19:10,
2027-03-27,GMT,05:48,18:23,18:57,05:50,19:10,
2027-03-28,BST,06:46,19:25,19:58,06:50,20:10,
2027-03-29,BST,06:43,19:26,20:00,06:45,20:15,
2027-03-30,BST,06:41,19:28,20:02,06:45,20:15,
2027-03-31,BST,06:39,19:30,20:04,06:40,20:15,
2027-04-01,BST,06:37,19:32,20:05,06:40,20:20,
2027-04-02,BST,06:34,19:33,20:07,06:40,20:20,
2027-04-03,BST,06:32,19:35,20:09,06:35,20:20,
2027-04-04,BST,06:30,19:37,20:11,06:35,20:25,
2027-04-05,BST,06:28,19:38,20:12,06:30,20:25,
2027-04-06,BST,06:25,19:40,20:14,06:30,20:25,
2027-04-07,BST,06:23,19:42,20:16,06:25,20:30,
2027-04-08,BST,06:21,19:43,20:18,06:25,20:30,
2027-04-09,BST,06:19,19:45,20:20,06:20,20:30,
2027-04-10,BST,06:16,19:47,20:21,06:20,20:35,
2027-04-11,BST,06:14,19:48,20:23,06:20,20:35,
2027-04-12,BST,06:12,19:50,20:25,06:15,20:35,
2027-04-13,BST,06:10,19:52,20:27,06:15,20:40,
2027-04-14,BST,06:08,19:53,20:29,06:10,20:40,
2027-04-15,BST,06:05,19:55,20:30,06:10,20:40,
2027-04-16,BST,06:03,19:57,20:32,06:05,20:45,
2027-04-17,BST,06:01,19:58,20:34,06:05,20:45,
2027-04-18,BST,05:59,20:00,20:36,06:05,20:45,
2027-04-19,BST,05:57,20:02,20:38,06:00,20:50,
2027-04-20,BST,05:55,20:03,20:39,06:00,20:50,
2027-04-21,BST,05:53,20:05,20:41,05:55,20:50,
2027-04-22,BST,05:51,20:07,20:43,05:55,20:55,
2027-04-23,BST,05:49,20:08,20:45,05:50,20:55,
2027-04-24,BST,05:47,20:10,20:47,05:50,20:55,
2027-04-25,BST,05:45,20:12,20:49,05:50,21:00,
2027-04-26,BST,05:43,20:13,20:50,05:45,21:00,
2027-04-27,BST,05:41,20:15,20:52,05:45,21:00,
2027-04-28,BST,05:39,20:17,20:54,05:40,21:05,
2027-04-29,BST,05:37,20:18,20:56,05:40,21:05,
2027-04-30,BST,05:35,20:20,20:58,05:40,21:05,
2027-05-01,BST,05:33,20:22,21:00,05:35,21:10,
2027-05-02,BST,05:31,20:23,21:02,05:35,21:10,
2027-05-03,BST,05:29,20:25,21:03,05:35,21:10,
2027-05-04,BST,05:27,20:26,21:05,05:30,21:15,
2027-05-05,BST,05:25,20:28,21:07,05:30,21:15,
2027-05-06,BST,05:24,20:30,21:09,05:25,21:15,
2027-05-07,BST,05:22,20:31,21:11,05:25,21:20,
2027-05-08,BST,05:20,20:33,21:13,05:25,21:20,
2027-05-09,BST,05:19,20:35,21:14,05:20,21:20,
2027-05-10,BST,05:17,20:36,21:16,05:20,21:25,
2027-05-11,BST,05:15,20:38,21:18,05:20,21:25,
2027-05-12,BST,05:14,20:39,21:20,05:15,21:25,
2027-05-13,BST,05:12,20:41,21:22,05:15,21:25,
2027-05-14,BST,05:10,20:42,21:23,05:15,21:30,
2027-05-15,BST,05:09,20:44,21:25,05:10,21:30,
2027-05-16,BST,05:07,20:45,21:27,05:10,21:30,
2027-05-17,BST,05:06,20:47,21:29,05:10,21:35,
2027-05-18,BST,05:05,20:48,21:30,05:10,21:35,
2027-05-19,BST,05:03,20:50,21:32,05:05,21:40,
2027-05-20,BST,05:02,20:51,21:34,05:05,21:40,
2027-05-21,BST,05:01,20:53,21:35,05:05,21:40,
2027-05-22,BST,04:59,20:54,21:37,05:05,21:45,
2027-05-23,BST,04:58,20:55,21:39,05:00,21:45,
2027-05-24,BST,04:57,20:57,21:40,05:00,21:45,
2027-05-25,BST,04:56,20:58,21:42,05:00,21:45,
2027-05-26,BST,04:55,20:59,21:43,05:00,21:50,
2027-05-27,BST,04:54,21:01,21:45,04:55,21:50,
2027-05-28,BST,04:53,21:02,21:46,04:55,21:50,
2027-05-29,BST,04:52,21:03,21:48,04:55,21:55,
2027-05-30,BST,04:51,21:04,21:49,04:55,21:55,
2027-05-31,BST,04:50,21:05,21:51,04:55,21:55,
2027-06-01,BST,04:49,21:07,21:52,04:50,21:55,
2027-06-02,BST,04:48,21:08,21:53,04:50,22:00,
2027-06-03,BST,04:47,21:09,21:55,04:50,22:00,
2027-06-04,BST,04:47,21:10,21:56,04:50,22:00,
2027-06-05,BST,04:46,21:11,21:57,04:50,22:00,
2027-06-06,BST,04:45,21:12,21:58,04:50,22:05,
2027-06-07,BST,04:45,21:13,21:59,04:50,22:05,
2027-06-08,BST,04:44,21:14,22:00,04:50,22:05,
2027-06-09,BST,04:44,21:14,22:01,04:45,22:05,
2027-06-10,BST,04:44,21:15,22:02,04:45,22:10,
2027-06-11,BST,04:43,21:16,22:03,04:45,22:10,
2027-06-12,BST,04:43,21:17,22:04,04:45,22:10,
2027-06-13,BST,04:43,21:17,22:05,04:45,22:10,
2027-06-14,BST,04:42,21:18,22:05,04:45,22:10,
2027-06-15,BST,04:42,21:18,22:06,04:45,22:10,
2027-06-16,BST,04:42,21:19,22:07,04:45,22:10,
2027-06-17,BST,04:42,21:19,22:07,04:45,22:15,
2027-06-18,BST,04:42,21:20,22:08,04:45,22:15,
2027-06-19,BST,04:42,21:20,22:08,04:45,22:15,
2027-06-20,BST,04:42,21:21,22:08,04:45,22:15,
2027-06-21,BST,04:43,21:21,22:09,04:45,22:15,
2027-06-22,BST,04:43,21:21,22:09,04:45,22:15,
2027-06-23,BST,04:43,21:21,22:09,04:45,22:15,
2027-06-24,BST,04:43,21:21,22:09,04:45,22:15,
2027-06-25,BST,04:44,21:21,22:09,04:45,22:15,
2027-06-26,BST,04:44,21:21,22:09,04:50,22:15,
2027-06-27,BST,04:45,21:21,22:09,04:50,22:15,
2027-06-28,BST,04:45,21:21,22:09,04:50,22:15,
2027-06-29,BST,04:46,21:21,22:09,04:50,22:15,
2027-06-30,BST,04:46,21:21,22:08,04:50,22:15,
2027-07-01,BST,04:47,21:21,22:08,04:50,22:15,
2027-07-02,BST,04:48,21:20,22:08,04:50,22:15,
2027-07-03,BST,04:48,21:20,22:07,04:50,22:15,
2027-07-04,BST,04:49,21:20,22:07,04:50,22:10,
2027-07-05,BST,04:50,21:19,22:06,04:55,22:10,
2027-07-06,BST,04:51,21:19,22:05,04:55,22:10,
2027-07-07,BST,04:52,21:18,22:05,04:55,22:10,
2027-07-08,BST,04:52,21:18,22:04,04:55,22:10,
2027-07-09,BST,04:53,21:17,22:03,04:55,22:10,
2027-07-10,BST,04:54,21:16,22:02,05:00,22:10,
2027-07-11,BST,04:55,21:15,22:01,05:00,22:05,
2027-07-12,BST,04:57,21:15,22:00,05:00,22:05,
2027-07-13,BST,04:58,21:14,21:59,05:00,22:05,
2027-07-14,BST,04:59,21:13,21:58,05:00,22:05,
2027-07-15,BST,05:00,21:12,21:57,05:05,22:00,
2027-07-16,BST,05:01,21:11,21:56,05:05,22:00,
2027-07-17,BST,05:02,21:10,21:54,05:05,22:00,
2027-07-18,BST,05:04,21:09,21:53,05:05,22:00,
2027-07-19,BST,05:05,21:08,21:52,05:10,21:55,
2027-07-20,BST,05:06,21:07,21:50,05:10,21:55,
2027-07-21,BST,05:07,21:05,21:49,05:10,21:55,
2027-07-22,BST,05:09,21:04,21:47,05:10,21:55,
2027-07-23,BST,05:10,21:03,21:46,05:15,21:50,
2027-07-24,BST,05:11,21:02,21:44,05:15,21:50,
2027-07-25,BST,05:13,21:00,21:43,05:15,21:50,
2027-07-26,BST,05:14,20:59,21:41,05:20,21:45,
2027-07-27,BST,05:16,20:57,21:39,05:20,21:45,
2027-07-28,BST,05:17,20:56,21:38,05:20,21:45,
2027-07-29,BST,05:19,20:55,21:36,05:20,21:40,
2027-07-30,BST,05:20,20:53,21:34,05:25,21:40,
2027-07-31,BST,05:22,20:51,21:32,05:25,21:40,
2027-08-01,BST,05:23,20:50,21:31,05:25,21:35,
2027-08-02,BST,05:25,20:48,21:29,05:30,21:35,
2027-08-03,BST,05:26,20:47,21:27,05:30,21:35,
2027-08-04,BST,05:28,20:45,21:25,05:30,21:30,
2027-08-05,BST,05:29,20:43,21:23,05:35,21:30,
