date,tz,civil_dawn,sunrise,sunset,civil_dusk,door_open,door_close,open_h,close_h,sunset_to_dusk_min,close_vs_dusk_min,daylight_h
2026-08-06,BST,04:58,05:37,20:48,21:27,05:40,21:35,340,1295,40,7,15.17
2026-08-07,BST,05:00,05:39,20:46,21:25,05:40,21:30,340,1290,39,4,15.12
2026-08-08,BST,05:01,05:41,20:44,21:23,05:45,21:30,345,1290,39,6,15.06
2026-08-09,BST,05:03,05:42,20:42,21:21,05:45,21:30,345,1290,39,8,15.0
2026-08-10,BST,05:05,05:44,20:41,21:19,05:45,21:25,345,1285,39,5,14.95
2026-08-11,BST,05:07,05:45,20:39,21:17,05:50,21:25,350,1285,38,7,14.89
2026-08-12,BST,05:09,05:47,20:37,21:15,05:50,21:25,350,1285,38,10,14.83
2026-08-13,BST,05:10,05:48,20:35,21:13,05:50,21:20,350,1280,38,7,14.77
2026-08-14,BST,05:12,05:50,20:33,21:11,05:55,21:20,355,1280,38,9,14.72
2026-08-15,BST,05:14,05:52,20:31,21:09,05:55,21:15,355,1275,38,6,14.66
2026-08-16,BST,05:16,05:53,20:29,21:06,05:55,21:15,355,1275,37,8,14.6
2026-08-17,BST,05:17,05:55,20:27,21:04,06:00,21:15,360,1275,37,10,14.54
2026-08-18,BST,05:19,05:56,20:25,21:02,06:00,21:10,360,1270,37,8,14.48
2026-08-19,BST,05:21,05:58,20:23,21:00,06:00,21:10,360,1270,37,10,14.42
2026-08-20,BST,05:23,06:00,20:21,20:58,06:05,21:05,365,1265,37,7,14.35
2026-08-21,BST,05:25,06:01,20:19,20:55,06:05,21:05,365,1265,37,9,14.29
2026-08-22,BST,05:26,06:03,20:17,20:53,06:05,21:05,365,1265,36,11,14.23
2026-08-23,BST,05:28,06:04,20:14,20:51,06:05,21:00,365,1260,36,9,14.17
2026-08-24,BST,05:30,06:06,20:12,20:48,06:10,21:00,370,1260,36,11,14.11
2026-08-25,BST,05:32,06:07,20:10,20:46,06:10,20:55,370,1255,36,8,14.05
2026-08-26,BST,05:33,06:09,20:08,20:44,06:10,20:55,370,1255,36,11,13.98
2026-08-27,BST,05:35,06:11,20:06,20:42,06:15,20:50,375,1250,36,8,13.92
2026-08-28,BST,05:37,06:12,20:04,20:39,06:15,20:50,375,1250,36,10,13.86
2026-08-29,BST,05:39,06:14,20:02,20:37,06:15,20:50,375,1250,35,13,13.79
2026-08-30,BST,05:40,06:15,19:59,20:35,06:20,20:45,380,1245,35,10,13.73
2026-08-31,BST,05:42,06:17,19:57,20:32,06:20,20:45,380,1245,35,12,13.67
2026-09-01,BST,05:44,06:19,19:55,20:30,06:20,20:40,380,1240,35,10,13.6
2026-09-02,BST,05:45,06:20,19:53,20:28,06:25,20:40,385,1240,35,12,13.54
2026-09-03,BST,05:47,06:22,19:50,20:25,06:25,20:35,385,1235,35,9,13.48
2026-09-04,BST,05:49,06:23,19:48,20:23,06:25,20:35,385,1235,35,12,13.41
2026-09-05,BST,05:51,06:25,19:46,20:20,06:30,20:30,390,1230,35,9,13.35
2026-09-06,BST,05:52,06:27,19:44,20:18,06:30,20:30,390,1230,34,11,13.28
2026-09-07,BST,05:54,06:28,19:41,20:16,06:30,20:25,390,1225,34,9,13.22
2026-09-08,BST,05:56,06:30,19:39,20:13,06:35,20:25,395,1225,34,11,13.16
2026-09-09,BST,05:57,06:31,19:37,20:11,06:35,20:25,395,1225,34,13,13.09
2026-09-10,BST,05:59,06:33,19:35,20:09,06:35,20:20,395,1220,34,11,13.03
2026-09-11,BST,06:01,06:35,19:32,20:06,06:40,20:20,400,1220,34,13,12.96
2026-09-12,BST,06:02,06:36,19:30,20:04,06:40,20:15,400,1215,34,11,12.9
2026-09-13,BST,06:04,06:38,19:28,20:02,06:40,20:15,400,1215,34,13,12.83
2026-09-14,BST,06:06,06:39,19:25,19:59,06:40,20:10,400,1210,34,10,12.77
2026-09-15,BST,06:07,06:41,19:23,19:57,06:45,20:10,405,1210,34,13,12.7
2026-09-16,BST,06:09,06:43,19:21,19:54,06:45,20:05,405,1205,34,10,12.64
2026-09-17,BST,06:11,06:44,19:18,19:52,06:45,20:05,405,1205,34,12,12.57
2026-09-18,BST,06:12,06:46,19:16,19:50,06:50,20:00,410,1200,34,10,12.51
2026-09-19,BST,06:14,06:47,19:14,19:47,06:50,20:00,410,1200,33,12,12.44
2026-09-20,BST,06:16,06:49,19:11,19:45,06:50,19:55,410,1195,33,10,12.38
2026-09-21,BST,06:17,06:51,19:09,19:43,06:55,19:55,415,1195,33,12,12.31
2026-09-22,BST,06:19,06:52,19:07,19:40,06:55,19:55,415,1195,33,14,12.24
2026-09-23,BST,06:20,06:54,19:05,19:38,06:55,19:50,415,1190,33,12,12.18
2026-09-24,BST,06:22,06:55,19:02,19:36,07:00,19:50,420,1190,33,14,12.11
2026-09-25,BST,06:24,06:57,19:00,19:33,07:00,19:45,420,1185,33,11,12.05
2026-09-26,BST,06:25,06:59,18:58,19:31,07:00,19:45,420,1185,33,14,11.98
2026-09-27,BST,06:27,07:00,18:55,19:29,07:05,19:40,425,1180,33,11,11.92
2026-09-28,BST,06:29,07:02,18:53,19:26,07:05,19:40,425,1180,33,13,11.85
2026-09-29,BST,06:30,07:04,18:51,19:24,07:05,19:35,425,1175,33,11,11.79
2026-09-30,BST,06:32,07:05,18:48,19:22,07:10,19:35,430,1175,33,13,11.72
2026-10-01,BST,06:34,07:07,18:46,19:19,07:10,19:30,430,1170,33,10,11.66
2026-10-02,BST,06:35,07:08,18:44,19:17,07:10,19:30,430,1170,33,12,11.59
2026-10-03,BST,06:37,07:10,18:42,19:15,07:15,19:30,435,1170,33,15,11.53
2026-10-04,BST,06:38,07:12,18:39,19:13,07:15,19:25,435,1165,33,12,11.46
2026-10-05,BST,06:40,07:13,18:37,19:10,07:15,19:25,435,1165,33,14,11.39
2026-10-06,BST,06:42,07:15,18:35,19:08,07:20,19:20,440,1160,33,11,11.33
2026-10-07,BST,06:43,07:17,18:33,19:06,07:20,19:20,440,1160,33,14,11.26
2026-10-08,BST,06:45,07:18,18:30,19:04,07:20,19:15,440,1155,33,11,11.2
2026-10-09,BST,06:47,07:20,18:28,19:01,07:25,19:15,445,1155,33,13,11.13
2026-10-10,BST,06:48,07:22,18:26,18:59,07:25,19:10,445,1150,33,10,11.07
2026-10-11,BST,06:50,07:23,18:24,18:57,07:25,19:10,445,1150,34,12,11.01
2026-10-12,BST,06:51,07:25,18:21,18:55,07:30,19:05,450,1145,34,10,10.94
2026-10-13,BST,06:53,07:27,18:19,18:53,07:30,19:05,450,1145,34,12,10.88
2026-10-14,BST,06:55,07:28,18:17,18:51,07:30,19:05,450,1145,34,14,10.81
2026-10-15,BST,06:56,07:30,18:15,18:49,07:35,19:00,455,1140,34,11,10.75
2026-10-16,BST,06:58,07:32,18:13,18:47,07:35,19:00,455,1140,34,13,10.68
2026-10-17,BST,07:00,07:33,18:11,18:44,07:35,18:55,455,1135,34,10,10.62
2026-10-18,BST,07:01,07:35,18:08,18:42,07:40,18:55,460,1135,34,12,10.55
2026-10-19,BST,07:03,07:37,18:06,18:40,07:40,18:50,460,1130,34,9,10.49
2026-10-20,BST,07:05,07:39,18:04,18:38,07:40,18:50,460,1130,34,11,10.43
2026-10-21,BST,07:06,07:40,18:02,18:36,07:45,18:50,465,1130,34,13,10.36
2026-10-22,BST,07:08,07:42,18:00,18:34,07:45,18:45,465,1125,34,10,10.3
2026-10-23,BST,07:10,07:44,17:58,18:32,07:45,18:45,465,1125,34,12,10.24
2026-10-24,BST,07:11,07:46,17:56,18:30,07:50,18:40,470,1120,34,9,10.18
2026-10-25,GMT,06:13,06:47,16:54,17:29,06:50,17:40,410,1060,34,11,10.11
2026-10-26,GMT,06:15,06:49,16:52,17:27,06:50,17:40,410,1060,35,13,10.05
2026-10-27,GMT,06:16,06:51,16:50,17:25,06:55,17:35,415,1055,35,10,9.99
2026-10-28,GMT,06:18,06:53,16:48,17:23,06:55,17:35,415,1055,35,12,9.93
2026-10-29,GMT,06:19,06:54,16:46,17:21,06:55,17:30,415,1050,35,8,9.87
2026-10-30,GMT,06:21,06:56,16:44,17:19,07:00,17:30,420,1050,35,10,9.81
2026-10-31,GMT,06:23,06:58,16:43,17:18,07:00,17:30,420,1050,35,12,9.75
2026-11-01,GMT,06:24,07:00,16:41,17:16,07:05,17:25,425,1045,35,9,9.69
2026-11-02,GMT,06:26,07:01,16:39,17:14,07:05,17:25,425,1045,35,10,9.63
2026-11-03,GMT,06:28,07:03,16:37,17:13,07:05,17:25,425,1045,35,12,9.57
2026-11-04,GMT,06:29,07:05,16:35,17:11,07:10,17:20,430,1040,36,9,9.51
2026-11-05,GMT,06:31,07:07,16:34,17:09,07:10,17:20,430,1040,36,10,9.45
2026-11-06,GMT,06:33,07:08,16:32,17:08,07:10,17:20,430,1040,36,12,9.39
2026-11-07,GMT,06:34,07:10,16:30,17:06,07:15,17:15,435,1035,36,8,9.33
2026-11-08,GMT,06:36,07:12,16:29,17:05,07:15,17:15,435,1035,36,10,9.28
2026-11-09,GMT,06:38,07:14,16:27,17:03,07:15,17:15,435,1035,36,11,9.22
2026-11-10,GMT,06:39,07:15,16:25,17:02,07:20,17:10,440,1030,36,8,9.17
2026-11-11,GMT,06:41,07:17,16:24,17:00,07:20,17:10,440,1030,36,9,9.11
2026-11-12,GMT,06:42,07:19,16:22,16:59,07:20,17:10,440,1030,37,11,9.06
2026-11-13,GMT,06:44,07:21,16:21,16:58,07:25,17:05,445,1025,37,7,9.0
2026-11-14,GMT,06:46,07:22,16:19,16:56,07:25,17:05,445,1025,37,8,8.95
2026-11-15,GMT,06:47,07:24,16:18,16:55,07:25,17:05,445,1025,37,10,8.9
2026-11-16,GMT,06:49,07:26,16:17,16:54,07:30,17:05,450,1025,37,11,8.85
2026-11-17,GMT,06:50,07:28,16:15,16:53,07:30,17:00,450,1020,37,7,8.8
2026-11-18,GMT,06:52,07:29,16:14,16:51,07:30,17:00,450,1020,37,8,8.75
2026-11-19,GMT,06:53,07:31,16:13,16:50,07:35,17:00,455,1020,37,9,8.7
2026-11-20,GMT,06:55,07:33,16:12,16:49,07:35,17:00,455,1020,38,10,8.65
2026-11-21,GMT,06:57,07:34,16:10,16:48,07:35,16:55,455,1015,38,6,8.6
2026-11-22,GMT,06:58,07:36,16:09,16:47,07:40,16:55,460,1015,38,7,8.56
2026-11-23,GMT,06:59,07:38,16:08,16:46,07:40,16:55,460,1015,38,8,8.51
2026-11-24,GMT,07:01,07:39,16:07,16:45,07:40,16:55,460,1015,38,9,8.47
2026-11-25,GMT,07:02,07:41,16:06,16:44,07:45,16:50,465,1010,38,5,8.43
2026-11-26,GMT,07:04,07:42,16:05,16:44,07:45,16:50,465,1010,38,6,8.38
2026-11-27,GMT,07:05,07:44,16:04,16:43,07:45,16:50,465,1010,39,7,8.34
2026-11-28,GMT,07:07,07:45,16:04,16:42,07:50,16:50,470,1010,39,7,8.3
2026-11-29,GMT,07:08,07:47,16:03,16:42,07:50,16:50,470,1010,39,8,8.27
2026-11-30,GMT,07:09,07:48,16:02,16:41,07:50,16:50,470,1010,39,9,8.23
2026-12-01,GMT,07:11,07:50,16:01,16:40,07:55,16:45,475,1005,39,4,8.19
2026-12-02,GMT,07:12,07:51,16:01,16:40,07:55,16:45,475,1005,39,5,8.16
2026-12-03,GMT,07:13,07:52,16:00,16:39,07:55,16:45,475,1005,39,5,8.13
2026-12-04,GMT,07:14,07:54,16:00,16:39,07:55,16:45,475,1005,39,6,8.1
2026-12-05,GMT,07:16,07:55,15:59,16:39,08:00,16:45,480,1005,39,6,8.07
2026-12-06,GMT,07:17,07:56,15:59,16:38,08:00,16:45,480,1005,40,6,8.04
2026-12-07,GMT,07:18,07:57,15:58,16:38,08:00,16:45,480,1005,40,7,8.01
2026-12-08,GMT,07:19,07:59,15:58,16:38,08:00,16:45,480,1005,40,7,7.99
2026-12-09,GMT,07:20,08:00,15:58,16:38,08:05,16:45,485,1005,40,7,7.96
2026-12-10,GMT,07:21,08:01,15:57,16:37,08:05,16:45,485,1005,40,7,7.94
2026-12-11,GMT,07:22,08:02,15:57,16:37,08:05,16:45,485,1005,40,7,7.92
2026-12-12,GMT,07:23,08:03,15:57,16:37,08:05,16:45,485,1005,40,7,7.9
2026-12-13,GMT,07:24,08:04,15:57,16:37,08:05,16:45,485,1005,40,7,7.89
2026-12-14,GMT,07:25,08:05,15:57,16:37,08:10,16:45,490,1005,40,7,7.87
2026-12-15,GMT,07:26,08:06,15:57,16:38,08:10,16:45,490,1005,40,7,7.86
2026-12-16,GMT,07:26,08:07,15:57,16:38,08:10,16:45,490,1005,40,7,7.85
2026-12-17,GMT,07:27,08:07,15:58,16:38,08:10,16:45,490,1005,40,7,7.84
2026-12-18,GMT,07:28,08:08,15:58,16:38,08:10,16:45,490,1005,40,6,7.83
2026-12-19,GMT,07:28,08:09,15:58,16:39,08:10,16:45,490,1005,40,6,7.82
2026-12-20,GMT,07:29,08:09,15:59,16:39,08:10,16:45,490,1005,40,6,7.82
2026-12-21,GMT,07:30,08:10,15:59,16:39,08:15,16:45,495,1005,40,5,7.82
2026-12-22,GMT,07:30,08:10,15:59,16:40,08:15,16:45,495,1005,40,5,7.82
2026-12-23,GMT,07:31,08:11,16:00,16:40,08:15,16:45,495,1005,40,4,7.82
2026-12-24,GMT,07:31,08:11,16:01,16:41,08:15,16:45,495,1005,40,4,7.82
2026-12-25,GMT,07:31,08:12,16:01,16:42,08:15,16:45,495,1005,40,3,7.83
2026-12-26,GMT,07:32,08:12,16:02,16:42,08:15,16:50,495,1010,40,7,7.83
2026-12-27,GMT,07:32,08:12,16:03,16:43,08:15,16:50,495,1010,40,7,7.84
2026-12-28,GMT,07:32,08:12,16:03,16:44,08:15,16:50,495,1010,40,6,7.85
2026-12-29,GMT,07:32,08:13,16:04,16:44,08:15,16:50,495,1010,40,5,7.86
2026-12-30,GMT,07:32,08:13,16:05,16:45,08:15,16:50,495,1010,40,4,7.88
2026-12-31,GMT,07:32,08:13,16:06,16:46,08:15,16:50,495,1010,40,3,7.89
2027-01-01,GMT,07:33,08:13,16:07,16:47,08:15,16:55,495,1015,40,7,7.91
2027-01-02,GMT,07:32,08:12,16:08,16:48,08:15,16:55,495,1015,40,6,7.93
2027-01-03,GMT,07:32,08:12,16:09,16:49,08:15,16:55,495,1015,40,5,7.95
2027-01-04,GMT,07:32,08:12,16:10,16:50,08:15,16:55,495,1015,40,4,7.97
2027-01-05,GMT,07:32,08:12,16:12,16:51,08:15,17:00,495,1020,40,8,8.0
2027-01-06,GMT,07:32,08:12,16:13,16:52,08:15,17:00,495,1020,40,7,8.02
2027-01-07,GMT,07:32,08:11,16:14,16:54,08:15,17:00,495,1020,40,6,8.05
2027-01-08,GMT,07:31,08:11,16:15,16:55,08:15,17:00,495,1020,39,5,8.08
2027-01-09,GMT,07:31,08:10,16:17,16:56,08:15,17:05,495,1025,39,9,8.11
2027-01-10,GMT,07:30,08:10,16:18,16:57,08:15,17:05,495,1025,39,7,8.14
2027-01-11,GMT,07:30,08:09,16:19,16:58,08:10,17:05,490,1025,39,6,8.17
2027-01-12,GMT,07:29,08:08,16:21,17:00,08:10,17:05,490,1025,39,5,8.21
2027-01-13,GMT,07:29,08:08,16:22,17:01,08:10,17:10,490,1030,39,8,8.24
2027-01-14,GMT,07:28,08:07,16:24,17:03,08:10,17:10,490,1030,39,7,8.28
2027-01-15,GMT,07:28,08:06,16:25,17:04,08:10,17:10,490,1030,39,6,8.32
2027-01-16,GMT,07:27,08:05,16:27,17:05,08:10,17:15,490,1035,39,9,8.36
2027-01-17,GMT,07:26,08:05,16:28,17:07,08:10,17:15,490,1035,38,8,8.4
2027-01-18,GMT,07:25,08:04,16:30,17:08,08:05,17:15,485,1035,38,6,8.44
2027-01-19,GMT,07:24,08:03,16:32,17:10,08:05,17:20,485,1040,38,10,8.48
2027-01-20,GMT,07:24,08:02,16:33,17:11,08:05,17:20,485,1040,38,8,8.53
2027-01-21,GMT,07:23,08:00,16:35,17:13,08:05,17:20,485,1040,38,7,8.57
2027-01-22,GMT,07:22,07:59,16:37,17:14,08:00,17:25,480,1045,38,10,8.62
2027-01-23,GMT,07:21,07:58,16:38,17:16,08:00,17:25,480,1045,38,9,8.67
2027-01-24,GMT,07:20,07:57,16:40,17:17,08:00,17:25,480,1045,37,7,8.72
2027-01-25,GMT,07:18,07:56,16:42,17:19,08:00,17:30,480,1050,37,10,8.77
2027-01-26,GMT,07:17,07:54,16:44,17:21,07:55,17:30,475,1050,37,9,8.82
2027-01-27,GMT,07:16,07:53,16:45,17:22,07:55,17:30,475,1050,37,7,8.87
2027-01-28,GMT,07:15,07:52,16:47,17:24,07:55,17:35,475,1055,37,11,8.92
2027-01-29,GMT,07:14,07:50,16:49,17:26,07:55,17:35,475,1055,37,9,8.97
2027-01-30,GMT,07:12,07:49,16:51,17:27,07:50,17:35,470,1055,37,7,9.03
2027-01-31,GMT,07:11,07:47,16:52,17:29,07:50,17:40,470,1060,36,11,9.08
2027-02-01,GMT,07:10,07:46,16:54,17:31,07:50,17:40,470,1060,36,9,9.14
2027-02-02,GMT,07:08,07:44,16:56,17:32,07:45,17:40,465,1060,36,7,9.19
2027-02-03,GMT,07:07,07:43,16:58,17:34,07:45,17:45,465,1065,36,11,9.25
2027-02-04,GMT,07:05,07:41,17:00,17:36,07:45,17:45,465,1065,36,9,9.31
2027-02-05,GMT,07:04,07:40,17:01,17:37,07:45,17:45,465,1065,36,7,9.36
2027-02-06,GMT,07:02,07:38,17:03,17:39,07:40,17:50,460,1070,36,10,9.42
2027-02-07,GMT,07:01,07:36,17:05,17:41,07:40,17:50,460,1070,36,9,9.48
2027-02-08,GMT,06:59,07:35,17:07,17:42,07:40,17:55,460,1075,35,12,9.54
2027-02-09,GMT,06:57,07:33,17:09,17:44,07:35,17:55,455,1075,35,10,9.6
2027-02-10,GMT,06:56,07:31,17:11,17:46,07:35,17:55,455,1075,35,9,9.66
2027-02-11,GMT,06:54,07:29,17:12,17:48,07:30,18:00,450,1080,35,12,9.72
2027-02-12,GMT,06:52,07:27,17:14,17:49,07:30,18:00,450,1080,35,10,9.78
2027-02-13,GMT,06:51,07:26,17:16,17:51,07:30,18:00,450,1080,35,8,9.84
2027-02-14,GMT,06:49,07:24,17:18,17:53,07:25,18:05,445,1085,35,12,9.91
2027-02-15,GMT,06:47,07:22,17:20,17:54,07:25,18:05,445,1085,35,10,9.97
2027-02-16,GMT,06:45,07:20,17:22,17:56,07:25,18:10,445,1090,35,13,10.03
2027-02-17,GMT,06:43,07:18,17:23,17:58,07:20,18:10,440,1090,34,12,10.09
2027-02-18,GMT,06:42,07:16,17:25,18:00,07:20,18:10,440,1090,34,10,10.16
2027-02-19,GMT,06:40,07:14,17:27,18:01,07:15,18:15,435,1095,34,13,10.22
2027-02-20,GMT,06:38,07:12,17:29,18:03,07:15,18:15,435,1095,34,11,10.28
2027-02-21,GMT,06:36,07:10,17:31,18:05,07:15,18:15,435,1095,34,10,10.35
2027-02-22,GMT,06:34,07:08,17:33,18:07,07:10,18:20,430,1100,34,13,10.41
2027-02-23,GMT,06:32,07:06,17:34,18:08,07:10,18:20,430,1100,34,11,10.48
2027-02-24,GMT,06:30,07:04,17:36,18:10,07:05,18:20,425,1100,34,9,10.54
2027-02-25,GMT,06:28,07:02,17:38,18:12,07:05,18:25,425,1105,34,13,10.6
2027-02-26,GMT,06:26,07:00,17:40,18:13,07:05,18:25,425,1105,34,11,10.67
2027-02-27,GMT,06:24,06:57,17:41,18:15,07:00,18:25,420,1105,34,9,10.73
2027-02-28,GMT,06:22,06:55,17:43,18:17,07:00,18:30,420,1110,34,13,10.8
2027-03-01,GMT,06:20,06:53,17:45,18:19,06:55,18:30,415,1110,34,11,10.87
2027-03-02,GMT,06:17,06:51,17:47,18:20,06:55,18:35,415,1115,34,14,10.93
2027-03-03,GMT,06:15,06:49,17:49,18:22,06:50,18:35,410,1115,34,12,11.0
2027-03-04,GMT,06:13,06:47,17:50,18:24,06:50,18:35,410,1115,33,11,11.06
2027-03-05,GMT,06:11,06:44,17:52,18:26,06:45,18:40,405,1120,33,14,11.13
2027-03-06,GMT,06:09,06:42,17:54,18:27,06:45,18:40,405,1120,33,12,11.19
2027-03-07,GMT,06:07,06:40,17:56,18:29,06:45,18:40,405,1120,33,11,11.26
2027-03-08,GMT,06:04,06:38,17:57,18:31,06:40,18:45,400,1125,33,14,11.33
2027-03-09,GMT,06:02,06:36,17:59,18:32,06:40,18:45,400,1125,33,12,11.39
2027-03-10,GMT,06:00,06:33,18:01,18:34,06:35,18:45,395,1125,33,10,11.46
2027-03-11,GMT,05:58,06:31,18:03,18:36,06:35,18:50,395,1130,33,14,11.52
2027-03-12,GMT,05:56,06:29,18:04,18:38,06:30,18:50,390,1130,33,12,11.59
2027-03-13,GMT,05:53,06:27,18:06,18:39,06:30,18:50,390,1130,33,10,11.66
2027-03-14,GMT,05:51,06:24,18:08,18:41,06:25,18:55,385,1135,33,14,11.72
2027-03-15,GMT,05:49,06:22,18:09,18:43,06:25,18:55,385,1135,33,12,11.79
2027-03-16,GMT,05:46,06:20,18:11,18:44,06:25,18:55,385,1135,33,10,11.86
2027-03-17,GMT,05:44,06:17,18:13,18:46,06:20,19:00,380,1140,33,13,11.92
2027-03-18,GMT,05:42,06:15,18:15,18:48,06:20,19:00,380,1140,33,12,11.99
2027-03-19,GMT,05:40,06:13,18:16,18:50,06:15,19:00,375,1140,33,10,12.06
2027-03-20,GMT,05:37,06:11,18:18,18:51,06:15,19:05,375,1145,33,13,12.12
2027-03-21,GMT,05:35,06:08,18:20,18:53,06:10,19:05,370,1145,33,12,12.19
2027-03-22,GMT,05:33,06:06,18:21,18:55,06:10,19:05,370,1145,33,10,12.25
2027-03-23,GMT,05:30,06:04,18:23,18:56,06:05,19:10,365,1150,33,13,12.32
2027-03-24,GMT,05:28,06:01,18:25,18:58,06:05,19:10,365,1150,33,11,12.39
2027-03-25,GMT,05:26,05:59,18:26,19:00,06:00,19:10,360,1150,34,10,12.45
2027-03-26,GMT,05:23,05:57,18:28,19:02,06:00,19:15,360,1155,34,13,12.52
2027-03-27,GMT,05:21,05:55,18:30,19:03,06:00,19:15,360,1155,34,11,12.59
2027-03-28,BST,06:19,06:52,19:31,20:05,06:55,20:15,415,1215,34,9,12.65
2027-03-29,BST,06:16,06:50,19:33,20:07,06:55,20:20,415,1220,34,13,12.72
2027-03-30,BST,06:14,06:48,19:35,20:09,06:50,20:20,410,1220,34,11,12.78
2027-03-31,BST,06:12,06:45,19:36,20:10,06:50,20:20,410,1220,34,9,12.85
2027-04-01,BST,06:09,06:43,19:38,20:12,06:45,20:25,405,1225,34,12,12.92
2027-04-02,BST,06:07,06:41,19:40,20:14,06:45,20:25,405,1225,34,11,12.98
2027-04-03,BST,06:05,06:39,19:42,20:16,06:40,20:30,400,1230,34,14,13.05
2027-04-04,BST,06:02,06:36,19:43,20:17,06:40,20:30,400,1230,34,12,13.11
2027-04-05,BST,06:00,06:34,19:45,20:19,06:35,20:30,395,1230,34,10,13.18
2027-04-06,BST,05:57,06:32,19:47,20:21,06:35,20:35,395,1235,34,14,13.24
2027-04-07,BST,05:55,06:30,19:48,20:23,06:35,20:35,395,1235,34,12,13.31
2027-04-08,BST,05:53,06:27,19:50,20:24,06:30,20:35,390,1235,35,10,13.38
2027-04-09,BST,05:50,06:25,19:52,20:26,06:30,20:40,390,1240,35,13,13.44
2027-04-10,BST,05:48,06:23,19:53,20:28,06:25,20:40,385,1240,35,11,13.51
2027-04-11,BST,05:46,06:21,19:55,20:30,06:25,20:40,385,1240,35,10,13.57
2027-04-12,BST,05:43,06:19,19:57,20:32,06:20,20:45,380,1245,35,13,13.63
2027-04-13,BST,05:41,06:16,19:58,20:33,06:20,20:45,380,1245,35,11,13.7
2027-04-14,BST,05:39,06:14,20:00,20:35,06:15,20:45,375,1245,35,9,13.76
2027-04-15,BST,05:37,06:12,20:02,20:37,06:15,20:50,375,1250,35,12,13.83
2027-04-16,BST,05:34,06:10,20:03,20:39,06:15,20:50,375,1250,36,11,13.89
2027-04-17,BST,05:32,06:08,20:05,20:41,06:10,20:50,370,1250,36,9,13.96
2027-04-18,BST,05:30,06:06,20:07,20:43,06:10,20:55,370,1255,36,12,14.02
2027-04-19,BST,05:27,06:03,20:08,20:44,06:05,20:55,365,1255,36,10,14.08
2027-04-20,BST,05:25,06:01,20:10,20:46,06:05,20:55,365,1255,36,8,14.14
2027-04-21,BST,05:23,05:59,20:12,20:48,06:00,21:00,360,1260,36,11,14.21
2027-04-22,BST,05:21,05:57,20:13,20:50,06:00,21:00,360,1260,37,10,14.27
2027-04-23,BST,05:18,05:55,20:15,20:52,06:00,21:00,360,1260,37,8,14.33
2027-04-24,BST,05:16,05:53,20:17,20:54,05:55,21:05,355,1265,37,11,14.39
2027-04-25,BST,05:14,05:51,20:18,20:55,05:55,21:05,355,1265,37,9,14.46
2027-04-26,BST,05:12,05:49,20:20,20:57,05:50,21:05,350,1265,37,7,14.52
2027-04-27,BST,05:10,05:47,20:22,20:59,05:50,21:10,350,1270,37,10,14.58
2027-04-28,BST,05:07,05:45,20:23,21:01,05:50,21:10,350,1270,38,9,14.64
2027-04-29,BST,05:05,05:43,20:25,21:03,05:45,21:10,345,1270,38,7,14.7
2027-04-30,BST,05:03,05:41,20:27,21:05,05:45,21:15,345,1275,38,10,14.76
2027-05-01,BST,05:01,05:39,20:28,21:07,05:40,21:15,340,1275,38,8,14.82
2027-05-02,BST,04:59,05:37,20:30,21:08,05:40,21:15,340,1275,38,6,14.88
2027-05-03,BST,04:57,05:36,20:32,21:10,05:40,21:20,340,1280,39,9,14.93
2027-05-04,BST,04:55,05:34,20:33,21:12,05:35,21:20,335,1280,39,7,14.99
2027-05-05,BST,04:53,05:32,20:35,21:14,05:35,21:20,335,1280,39,6,15.05
2027-05-06,BST,04:51,05:30,20:36,21:16,05:35,21:20,335,1280,39,4,15.11
2027-05-07,BST,04:49,05:28,20:38,21:18,05:30,21:25,330,1285,40,7,15.16
2027-05-08,BST,04:47,05:27,20:40,21:19,05:30,21:25,330,1285,40,5,15.22
2027-05-09,BST,04:45,05:25,20:41,21:21,05:30,21:25,330,1285,40,3,15.27
2027-05-10,BST,04:43,05:23,20:43,21:23,05:25,21:30,325,1290,40,6,15.33
2027-05-11,BST,04:41,05:22,20:44,21:25,05:25,21:30,325,1290,40,5,15.38
2027-05-12,BST,04:39,05:20,20:46,21:27,05:25,21:30,325,1290,41,3,15.43
2027-05-13,BST,04:37,05:18,20:48,21:28,05:20,21:35,320,1295,41,6,15.49
2027-05-14,BST,04:36,05:17,20:49,21:30,05:20,21:35,320,1295,41,4,15.54
2027-05-15,BST,04:34,05:15,20:51,21:32,05:20,21:35,320,1295,41,2,15.59
2027-05-16,BST,04:32,05:14,20:52,21:34,05:15,21:40,315,1300,42,6,15.64
2027-05-17,BST,04:30,05:12,20:54,21:36,05:15,21:40,315,1300,42,4,15.69
2027-05-18,BST,04:29,05:11,20:55,21:37,05:15,21:40,315,1300,42,2,15.74
2027-05-19,BST,04:27,05:10,20:57,21:39,05:15,21:45,315,1305,42,6,15.78
2027-05-20,BST,04:26,05:08,20:58,21:41,05:10,21:45,310,1305,43,4,15.83
2027-05-21,BST,04:24,05:07,20:59,21:42,05:10,21:45,310,1305,43,2,15.88
2027-05-22,BST,04:23,05:06,21:01,21:44,05:10,21:45,310,1305,43,1,15.92
2027-05-23,BST,04:21,05:04,21:02,21:46,05:05,21:50,305,1310,43,4,15.96
2027-05-24,BST,04:20,05:03,21:04,21:47,05:05,21:50,305,1310,44,2,16.01
2027-05-25,BST,04:18,05:02,21:05,21:49,05:05,21:50,305,1310,44,1,16.05
2027-05-26,BST,04:17,05:01,21:06,21:50,05:05,21:50,305,1310,44,-1,16.09
2027-05-27,BST,04:16,05:00,21:08,21:52,05:05,21:55,305,1315,44,3,16.13
2027-05-28,BST,04:14,04:59,21:09,21:53,05:00,21:55,300,1315,45,1,16.16
2027-05-29,BST,04:13,04:58,21:10,21:55,05:00,21:55,300,1315,45,0,16.2
2027-05-30,BST,04:12,04:57,21:11,21:56,05:00,21:55,300,1315,45,-2,16.24
2027-05-31,BST,04:11,04:56,21:12,21:58,05:00,22:00,300,1320,45,2,16.27
2027-06-01,BST,04:10,04:55,21:13,21:59,05:00,22:00,300,1320,45,1,16.3
2027-06-02,BST,04:09,04:54,21:15,22:00,04:55,22:00,295,1320,46,-1,16.34
2027-06-03,BST,04:08,04:54,21:16,22:02,04:55,22:00,295,1320,46,-2,16.37
2027-06-04,BST,04:07,04:53,21:17,22:03,04:55,22:05,295,1325,46,2,16.39
2027-06-05,BST,04:06,04:52,21:18,22:04,04:55,22:05,295,1325,46,1,16.42
2027-06-06,BST,04:05,04:52,21:19,22:05,04:55,22:05,295,1325,46,-1,16.45
2027-06-07,BST,04:05,04:51,21:20,22:06,04:55,22:05,295,1325,47,-2,16.47
2027-06-08,BST,04:04,04:51,21:20,22:07,04:55,22:05,295,1325,47,-3,16.49
2027-06-09,BST,04:03,04:50,21:21,22:08,04:55,22:05,295,1325,47,-4,16.52
2027-06-10,BST,04:03,04:50,21:22,22:09,04:55,22:10,295,1330,47,0,16.54
2027-06-11,BST,04:02,04:50,21:23,22:10,04:55,22:10,295,1330,47,0,16.55
2027-06-12,BST,04:02,04:49,21:23,22:11,04:50,22:10,290,1330,47,-1,16.57
2027-06-13,BST,04:02,04:49,21:24,22:12,04:50,22:10,290,1330,47,-2,16.59
2027-06-14,BST,04:01,04:49,21:25,22:12,04:50,22:10,290,1330,48,-3,16.6
2027-06-15,BST,04:01,04:49,21:25,22:13,04:50,22:10,290,1330,48,-3,16.61
2027-06-16,BST,04:01,04:49,21:26,22:14,04:50,22:10,290,1330,48,-4,16.62
2027-06-17,BST,04:01,04:49,21:26,22:14,04:50,22:10,290,1330,48,-5,16.63
2027-06-18,BST,04:01,04:49,21:27,22:15,04:50,22:15,290,1335,48,0,16.64
2027-06-19,BST,04:01,04:49,21:27,22:15,04:50,22:15,290,1335,48,0,16.64
2027-06-20,BST,04:01,04:49,21:27,22:15,04:50,22:15,290,1335,48,-1,16.65
2027-06-21,BST,04:01,04:49,21:28,22:16,04:50,22:15,290,1335,48,-1,16.65
2027-06-22,BST,04:01,04:49,21:28,22:16,04:50,22:15,290,1335,48,-1,16.65
2027-06-23,BST,04:01,04:49,21:28,22:16,04:50,22:15,290,1335,48,-1,16.65
2027-06-24,BST,04:02,04:50,21:28,22:16,04:55,22:15,295,1335,48,-2,16.64
2027-06-25,BST,04:02,04:50,21:28,22:16,04:55,22:15,295,1335,48,-2,16.64
2027-06-26,BST,04:03,04:50,21:28,22:16,04:55,22:15,295,1335,48,-2,16.63
2027-06-27,BST,04:03,04:51,21:28,22:16,04:55,22:15,295,1335,48,-1,16.62
2027-06-28,BST,04:04,04:51,21:28,22:16,04:55,22:15,295,1335,48,-1,16.61
2027-06-29,BST,04:04,04:52,21:28,22:16,04:55,22:15,295,1335,48,-1,16.6
2027-06-30,BST,04:05,04:53,21:28,22:15,04:55,22:15,295,1335,47,-1,16.59
2027-07-01,BST,04:06,04:53,21:28,22:15,04:55,22:15,295,1335,47,0,16.57
2027-07-02,BST,04:07,04:54,21:27,22:15,04:55,22:15,295,1335,47,0,16.56
2027-07-03,BST,04:07,04:55,21:27,22:14,05:00,22:15,300,1335,47,0,16.54
2027-07-04,BST,04:08,04:55,21:27,22:13,05:00,22:15,300,1335,47,1,16.52
2027-07-05,BST,04:09,04:56,21:26,22:13,05:00,22:10,300,1330,47,-3,16.5
2027-07-06,BST,04:10,04:57,21:26,22:12,05:00,22:10,300,1330,47,-3,16.48
2027-07-07,BST,04:11,04:58,21:25,22:11,05:00,22:10,300,1330,46,-2,16.45
2027-07-08,BST,04:13,04:59,21:24,22:11,05:00,22:10,300,1330,46,-1,16.43
2027-07-09,BST,04:14,05:00,21:24,22:10,05:05,22:10,305,1330,46,0,16.4
2027-07-10,BST,04:15,05:01,21:23,22:09,05:05,22:10,305,1330,46,1,16.37
2027-07-11,BST,04:16,05:02,21:22,22:08,05:05,22:10,305,1330,46,1,16.34
2027-07-12,BST,04:17,05:03,21:22,22:07,05:05,22:10,305,1330,45,2,16.31
2027-07-13,BST,04:19,05:04,21:21,22:06,05:05,22:05,305,1325,45,-1,16.28
2027-07-14,BST,04:20,05:05,21:20,22:05,05:10,22:05,310,1325,45,0,16.24
2027-07-15,BST,04:21,05:06,21:19,22:04,05:10,22:05,310,1325,45,1,16.21
2027-07-16,BST,04:23,05:07,21:18,22:02,05:10,22:05,310,1325,45,2,16.17
2027-07-17,BST,04:24,05:09,21:17,22:01,05:10,22:05,310,1325,44,3,16.14
2027-07-18,BST,04:26,05:10,21:16,22:00,05:15,22:00,315,1320,44,0,16.1
2027-07-19,BST,04:27,05:11,21:15,21:59,05:15,22:00,315,1320,44,1,16.06
2027-07-20,BST,04:29,05:12,21:13,21:57,05:15,22:00,315,1320,44,2,16.02
2027-07-21,BST,04:30,05:14,21:12,21:56,05:15,22:00,315,1320,43,4,15.98
2027-07-22,BST,04:32,05:15,21:11,21:54,05:20,21:55,320,1315,43,0,15.93
2027-07-23,BST,04:34,05:16,21:10,21:53,05:20,21:55,320,1315,43,2,15.89
2027-07-24,BST,04:35,05:18,21:08,21:51,05:20,21:55,320,1315,43,3,15.84
2027-07-25,BST,04:37,05:19,21:07,21:50,05:20,21:55,320,1315,42,5,15.8
2027-07-26,BST,04:38,05:21,21:06,21:48,05:25,21:50,325,1310,42,2,15.75
2027-07-27,BST,04:40,05:22,21:04,21:46,05:25,21:50,325,1310,42,3,15.7
2027-07-28,BST,04:42,05:24,21:03,21:45,05:25,21:50,325,1310,42,5,15.66
2027-07-29,BST,04:43,05:25,21:01,21:43,05:30,21:45,330,1305,41,2,15.61
2027-07-30,BST,04:45,05:26,21:00,21:41,05:30,21:45,330,1305,41,3,15.56
2027-07-31,BST,04:47,05:28,20:58,21:39,05:30,21:45,330,1305,41,5,15.51
2027-08-01,BST,04:49,05:29,20:57,21:37,05:30,21:45,330,1305,41,7,15.45
2027-08-02,BST,04:50,05:31,20:55,21:36,05:35,21:40,335,1300,41,4,15.4
2027-08-03,BST,04:52,05:32,20:53,21:34,05:35,21:40,335,1300,40,6,15.35
2027-08-04,BST,04:54,05:34,20:52,21:32,05:35,21:40,335,1300,40,8,15.29
2027-08-05,BST,04:56,05:35,20:50,21:30,05:40,21:35,340,1295,40,5,15.24
